['1'- '1 - Adminstration'- '6 - Security'- '1 - BuildingSecurity'],Clinton Coby Wolfe,CCW0031,CEB0210,FLM0213,LBF0214,UFK0208,AMV0036,RNP0211,HVB0037,ASS0206,NAF0033,MCS0035,TQS0212,ARL0034,NWK0215,JRG0207,SJO0209,16
['1'- '1 - Adminstration'- '6 - Security'- '2 - ElectronicSecurity'],Frances Alisa Wiggins,HWY0038,BBS0039,EIS0041,ACC0042,GTD0219,MPM0220,DFR0218,BAL0044,MSH0040,MOS0047,JGT0221,JCC0225,MSO0222,CSC0217,FAW0032,QNP0216,CCA0046,MNS0224,KCF0045,JTM0223,UIR0043,21
['1'- '1 - Adminstration'- '6 - Security'- '3 - ElectronicSecurity'],Francis Brian Armstrong,JLM0364,KSP0357,WDD0366,SOB0360,AJF0370,LBC0356,TSM0363,BKW0374,KRV0372,JRS0362,DMG0358,IBB0359,SAK0375,JAV0361,HDS0367,WPR0368,FBA0348,MVH0373,CBB0365,KJP0371,BSS0369,21
['1'- '2 - ResearchAndEngineering'- '1 - Research'- '1 - Lab'],Jackson Linus Wilkerson,RVC0232,ENC0234,AKR0057,DZC0228,SRS0231,DBS0235,GAF0060,JLW0053,BTL0226,VSA0230,XBN0229,NNS0059,NGC0058,BTN0061,UCS0227,OJK0233,16
['1'- '2 - ResearchAndEngineering'- '1 - Research'- '2 - Lab'],Kim Dara Sullivan,JAM0382,EBC0390,DBB0384,CAB0388,KDS0349,GJT0386,RFP0380,JTS0389,WTF0387,MPT0376,VTT0385,ASL0378,RJM0381,DLS0383,DLF0377,DTP0379,16
['1'- '2 - ResearchAndEngineering'- '1 - Research'- '3 - Lab'],Honorato Ivan Wall,KRM0541,ANP0555,JMH0543,ALD0544,PTH0552,HIW0536,TAP0551,KMW0545,RMW0542,KBG0549,BMC0547,VMJ0546,HRW0550,GCR0554,NRD0548,RRC0553,16
['1'- '2 - ResearchAndEngineering'- '1 - Research'- '4 - Lab'],Sarah Imelda Juarez,ORM0669,LIM0674,MLP0668,BLS0678,JPA0667,SIJ0661,CKD0680,NCO0666,IBM0671,BCB0679,DAL0673,KNG0672,TSR0676,AIH0675,ESJ0670,SEJ0677,16
['1'- '2 - ResearchAndEngineering'- '1 - Research'- '5 - Lab'],Sasha Britanney Quinn,SVL0803,CUD0795,AMH0794,CJF0802,SMY0792,OCB0805,NAB0801,CNM0800,MHA0798,SBQ0786,SMB0804,YEV0793,TLM0797,SSH0799,ASB0796,AAF0791,16
['1'- '2 - ResearchAndEngineering'- '1 - Research'- '6 - Lab'],Lillith Adena Matthews,IYB0918,JMC0925,KMB0922,AKC0924,CRK0916,TRK0914,CIM0926,RAW0915,LAM0911,FIR0920,BMG0917,JCR0921,XWD0923,NHE0919,HDH0928,TSM0927,16
['1'- '2 - ResearchAndEngineering'- '2 - SoftwareManagement'- '1 - Software'],Vance Ira Alston,VIA0063,HGG0240,BNG0237,ABN0239,TMA0069,CCL0068,GOK0238,HVF0067,PGC0066,NKP0236,WSR0241,DRR0242,LFS0071,HJS0072,BYP0070,KPC0073,16
['1'- '2 - ResearchAndEngineering'- '2 - SoftwareManagement'- '2 - Software'],Jocelyn Bree Mccray,AMR0400,VCC0396,AIS0405,ALH0402,AMW0392,KAL0395,AIP0394,JER0404,CCC0393,IKR0401,BTR0403,JBM0350,ADC0391,ADF0397,CBG0398,15
['1'- '2 - ResearchAndEngineering'- '2 - SoftwareManagement'- '3 - Software'],Stephanie Briar Harrington,CEL0561,JFC0557,WTR0563,SBH0537,KSH0569,PMJ0564,RRP0568,DOP0562,WIQ0567,JNA0559,IUB0565,DAG0558,WLV0566,LDD0560,JNJ0556,GAF0570,16
['1'- '2 - ResearchAndEngineering'- '2 - SoftwareManagement'- '4 - Software'],Aurora Tatiana Payne,NGO0690,CCH0685,ATP0662,CAM0681,EDA0684,ESR0693,WIF0691,IAR0694,QJR0688,SAC0687,DJS0682,ASG0692,OLW0689,RNL0695,KKC0683,MDH0686,16
['1'- '2 - ResearchAndEngineering'- '2 - SoftwareManagement'- '5 - Software'],Sara Gail George,NKH0807,LJT0817,MBW0809,BBH0810,SGG0787,KCB0815,VFM0814,IWM0816,LCC0819,HDD0806,BWH0813,HSG0818,BJH0811,AQD0820,SOF0808,ACV0812,16
['1'- '2 - ResearchAndEngineering'- '2 - SoftwareManagement'- '6 - Software'],Caleb Mason Ball,MSD0939,DHM0937,AJR0932,CMB0912,IRM0931,LBH0942,MKL0941,CAH0936,SVL0940,HLM0933,RRA0938,JGM0934,BLL0929,MMG0943,VEB0935,ECL0930,16
['1'- '2 - ResearchAndEngineering'- '3 - Engineering'- '1 - MechanicalEngineering'],Harper Price Harris,NJB0243,HAD0246,JCV0245,CSB0080,TEB0251,ARA0252,IIW0249,HAH0248,MHG0244,SSG0250,HPH0075,BIS0247,ONW0083,DIB0081,SMW0084,KWE0082,16
['1'- '2 - ResearchAndEngineering'- '3 - Engineering'- '2 - ElectricalEngineering'],Dylan Tiger Terry,DPS0262,KBL0260,RSC0089,NBH0256,DMK0257,RJB0088,LOM0086,ZSK0258,DBG0261,ABC0253,MIL0255,WAS0254,PDW0259,VAA0087,PES0085,DTT0076,16
['1'- '2 - ResearchAndEngineering'- '3 - Engineering'- '3 - MaterialsEngineering'],Ainsley MacKensie Doyle,HCM0267,KTG0091,IAT0263,TEM0093,RMS0266,AMD0077,DVM0265,SJF0094,IIA0092,CFW0264,LDB0090,11
['1'- '2 - ResearchAndEngineering'- '3 - Engineering'- '4 - SystemsEngineering'],Gage Kaden Odonnell,RAG0275,CAM0102,SGS0268,JIM0095,EHR0096,ATF0274,GKO0078,JMK0099,XAA0104,NCE0097,ROB0272,ENL0100,OMS0101,ZJS0269,RSM0277,CIM0271,ONL0276,DVW0103,KAT0270,NWT0098,MOH0273,21
['1'- '2 - ResearchAndEngineering'- '3 - Engineering'- '5 - TestAndEvalualtion'],Rose Hanae Yates,CJV0286,OKC0107,HCL0113,QCH0110,BLB0114,SSR0278,HMM0108,RHY0079,HGN0287,DIB0285,CEJ0109,IUY0279,EMW0105,ESH0283,ZMC0284,PKB0281,SDB0106,HAC0282,NMS0280,BMM0112,BJM0111,21
['1'- '2 - ResearchAndEngineering'- '3 - Engineering'- '6 - SystemsEngineering'],Hadassah Riley Baker,SOG0411,DPM0423,HBO0413,NDM0417,HKB0418,EGD0409,EHB0420,RGN0408,NCK0421,HCW0419,RDT0424,NBC0412,KQS0415,FTM0406,KVS0425,HIA0414,AHM0410,HRB0351,BBS0422,MES0407,KJW0416,21
['1'- '2 - ResearchAndEngineering'- '3 - Engineering'- '7 - TestAndEvalualtion'],Cameron Noel Elliott,BSH0445,EPW0434,PKB0429,BSA0431,TSB0437,RAH0440,MBG0438,CNE0352,ETR0428,OKB0439,PID0426,AAS0442,DGF0443,HWW0436,PGO0433,IJM0444,CKB0427,RAS0432,ANT0430,MKW0441,PPF0435,21
['1'- '3 - Manufacturing'- '3 - Assembly'- '1 - AssemblyDept'],Shannon Chantale Price,SCP0130,CCM0136,FEB0306,NCK0295,BJP0134,JCR0289,ILR0304,KJJ0293,PSF0133,CLS0296,JKM0303,IJM0139,GJD0298,TIW0299,NRF0137,ICH0294,ZSL0305,TJB0302,SGB0140,ESH0135,SMH0291,EGD0132,NLO0131,AMJ0297,PNL0301,HSP0290,APG0307,GHH0288,TAC0300,CJM0138,JJH0292,31
['1'- '3 - Manufacturing'- '3 - Assembly'- '2 - AssemblyDept'],Armando Albert Walter,AAV0450,GHL0460,KPP0452,AAW0353,MLG0475,ERH0449,ORB0473,BSS0463,SJW0451,EAH0466,AMH0464,IKP0472,CCM0467,ZFM0468,CMS0454,LDG0459,BDB0453,AJL0462,RAM0447,HSD0457,CRP0456,TBT0461,GZB0469,JRH0455,JKF0465,TPH0474,BHW0458,HDJ0446,NUL0471,THD0448,CJG0470,31
['1'- '3 - Manufacturing'- '3 - Assembly'- '3 - AssemblyDept'],Whilemina Pandora England,ASD0577,ASM0575,MJB0588,WJD0576,LDM0587,GCS0571,MCF0600,SAH0599,RAB0589,MVF0594,MLL0598,DSM0591,LPH0572,MDH0580,SHW0578,WPE0538,EHD0584,TJG0582,KLH0596,JHP0583,WDV0573,HPR0585,ZCF0590,BCR0581,JRL0574,SOB0586,NSC0597,HGH0595,SAC0592,JDF0593,DDM0579,31
['1'- '3 - Manufacturing'- '3 - Assembly'- '4 - AssemblyDept'],Alan Benjamin Holder,AAL0706,JJB0700,YJV0699,MBR0724,AKF0709,RLB0719,MKG0711,CJH0702,HMW0713,CTR0697,MNC0717,CLH0703,JKJ0698,AJP0723,GDF0704,BTL0722,MIM0712,XLB0710,RYB0718,ABH0663,PLH0715,IBB0696,PDH0716,KQC0708,CQH0701,FWM0707,RAR0725,CKP0721,EDB0714,NJC0705,MCT0720,31
['1'- '3 - Manufacturing'- '3 - Assembly'- '5 - AssemblyDept'],Amy Lucy Chen,FRR0832,ABM0845,AHD0848,AES0827,JRF0835,MNR0829,MSG0839,WGR0833,ECF0828,PTH0830,DCH0843,LJB0826,AJC0840,ECR0822,ALC0788,IHK0841,ILC0838,HKF0831,EHB0824,AAN0823,ADD0846,IJR0825,PMV0850,ELB0847,CHM0821,AOK0844,JAJ0849,FHS0837,ARB0834,CAN0842,IBS0836,31
['1'- '3 - Manufacturing'- '3 - Assembly'- '6 - AssemblyDept'],Sandra Beverly Diaz,MAR0955,GCG0951,TDG0962,ILH0958,KSP0966,CFG0959,OMM0944,CJP0952,LHB0967,ELH0960,FPC0954,GCC0945,NIH0969,SBN0971,CSL0949,BAK0964,LRW0970,AIB0948,NMB0972,FXF0957,SBD0913,BNR0965,ASV0946,MLM0950,OHC0973,AVM0947,WRM0963,GNZ0953,TNM0961,HXL0968,ICS0956,31
['1'- '5 - SalesAndMarketing'- '2 - Sales'- '1 - RegionalSales'],Meredith Ainsley Wolf,BER0314,RTO0313,LOF0311,BDV0168,MCF0327,CPG0322,JMB0308,JCG0316,AKW0167,IDO0176,IMG0320,BBG0325,HKI0171,JDB0169,AMR0318,PEV0323,NAF0326,ABC0174,MBJ0312,AJH0175,COM0321,KCS0173,SDO0170,EMS0317,AJR0319,MSZ0310,LHL0309,MCJ0324,WBC0315,MAW0166,JCR0172,31
['1'- '5 - SalesAndMarketing'- '2 - Sales'- '2 - RegionalSales'],Bert Jason Henderson,LQC0479,CJC0494,NMC0486,MMB0488,KAT0489,OBH0499,NAH0503,HCV0478,KPR0497,CKB0482,CBG0490,DGN0480,JXH0493,CWR0502,CTW0500,SBN0495,IRT0491,CMM0487,DBW0483,MAD0496,RBB0485,BEC0505,OLF0504,DDA0476,BJH0354,IMB0481,SES0477,XHW0498,LPC0492,KRL0501,RHP0484,31
['1'- '5 - SalesAndMarketing'- '2 - Sales'- '3 - RegionalSales'],Winter Veda Burks,CRD0624,MDM0625,BJW0619,AJN0607,FSC0601,LCD0622,KJS0618,DMM0623,MTB0620,AIM0627,JJH0613,LHB0606,JBD0616,RKD0604,GBM0603,JAD0609,RCC0617,FHO0630,SCF0608,TET0621,CAB0614,NNA0610,WVB0539,LEM0605,CSH0626,LLV0602,HKR0628,CGA0629,BAM0611,BEH0615,CAA0612,31
['1'- '5 - SalesAndMarketing'- '2 - Sales'- '4 - RegionalSales'],Lysandra Chastity Brennan,GMF0738,BIH0745,GZC0735,CQH0730,UJC0737,HJB0742,LCB0664,EZH0736,VCY0751,MHG0733,GQP0743,DGM0754,JPW0741,MAD0753,RGH0728,GCC0744,OLB0749,FBW0747,MLD0755,QRM0739,BRS0734,KES0729,RHO0732,DGW0752,RZC0746,MIC0726,QPM0727,DSB0731,HDL0748,JOM0750,PRM0740,31
['1'- '5 - SalesAndMarketing'- '2 - Sales'- '5 - RegionalSales'],Hashim Damon Dudley,GRM0868,QOS0878,THR0873,OCS0865,FQA0854,CCM0855,WDO0870,RUM0880,MAH0864,KKW0879,SBN0866,ZJE0857,BMS0877,MKP0861,CCR0863,HDD0789,WXH0872,SAP0867,CLF0852,JCW0858,ZDW0859,RLG0856,BAH0875,SVS0871,NSS0876,PLH0862,IJW0851,LTS0860,KBS0874,ATE0869,FGW0853,31
['1'- '5 - SalesAndMarketing'- '3 - FieldService'- '1 - RegionalFieldService'],Garrett Nicholas Solomon,DOL0332,NCH0179,ORG0339,OQH0183,SJC0333,CCH0182,LAP0338,PGH0184,AGB0186,GNS0178,SSS0345,AKK0329,HWM0342,CXC0336,NHH0185,CGF0337,POB0343,KDT0346,MAE0331,SNC0187,CSJ0340,MHH0180,HCC0344,SHR0334,PMC0328,DFH0188,HFB0347,RHC0335,NOB0181,CTR0341,JSH0330,31
['1'- '5 - SalesAndMarketing'- '3 - FieldService'- '2 - RegionalFieldService'],Burke Randall Burnett,FMG0527,BDI0533,BMT0528,HLH0512,GCS0518,EMB0531,WGS0516,CYA0506,IMP0530,FRL0511,BVN0514,IIL0513,CCW0524,CJM0521,ALD0529,ARD0509,UCH0519,MVB0515,ASS0517,PIS0522,LQP0508,LJR0523,YJF0532,CAS0507,BQS0525,ILJ0526,AAF0535,JMD0520,SCB0534,BRB0355,MJM0510,31
['1'- '5 - SalesAndMarketing'- '3 - FieldService'- '3 - RegionalFieldService'],Hedwig Regina Livingston,HCL0651,HRD0635,OSH0655,AAM0658,ESA0642,AHG0634,GQF0659,HWH0646,BAJ0654,TUC0632,KMS0657,BCM0653,AGB0643,HTF0641,XRS0633,EZT0640,YWW0660,VLB0647,DKB0631,TLH0648,KLM0639,UBF0645,JMW0638,LNR0656,HRL0540,DID0650,ZSB0649,CQW0652,KNW0644,CGB0637,BAM0636,31
['1'- '5 - SalesAndMarketing'- '3 - FieldService'- '4 - RegionalFieldService'],Blaine Helen Cervantes,FOB0756,TYB0779,CMW0783,IJM0776,HAH0760,CFM0767,SLP0762,UAD0771,SAB0781,MOP0763,NMG0766,SKG0759,BHC0665,JSA0775,PNH0761,RIH0777,JFC0757,AKH0758,EMW0772,QSV0778,AWM0764,NMF0780,DEB0782,NRO0768,PAD0773,SSJ0784,RCP0785,RNF0765,JCR0770,ELT0769,CLB0774,31
['1'- '5 - SalesAndMarketing'- '3 - FieldService'- '5 - RegionalFieldService'],Blythe Veda Cooke,DAR0885,ALB0892,FFC0891,CLD0894,ZKS0899,EGK0893,LJJ0905,MTT0901,JML0909,XHG0902,CNB0900,SED0886,GTD0898,TSG0906,ARB0881,NAB0903,BVC0790,MFV0897,JZD0888,CAC0889,LUR0896,KJG0910,IBP0883,SLT0907,SXM0895,EFS0882,WNB0908,EJW0884,MIB0904,MJS0890,KJM0887,31
